Score,Age,Subject,Sex,ID
82.0,18,Data Structue,M,1
39.0,19,Data Structue,M,3
76.0,18,Data Structue,M,4
76.0,18,Data Structue,F,5
89.0,20,Data Structue,M,6
89.0,18,Data Structue,M,7
59.0,19,Data Structue,M,8
85.0,18,Data Structue,F,300
82.0,18,Data Structue,M,9
47.0,20,Data Structue,M,11
47.0,20,Data Structue,M,12
60.0,19,Data Structue,M,13
82.0,18,Data Structue,M,14
82.0,21,Data Structue,F,15
76.0,20,Data Structue,M,16
82.0,19,Data Structue,F,10
25.0,18,Data Structue,M,17
85.0,18,Data Structue,M,19
59.0,19,Data Structue,M,36
60.0,18,Data Structue,M,22
69.0,18,Data Structue,M,23
59.0,19,Data Structue,M,24
85.0,20,Data Structue,F,25
85.0,18,Data Structue,M,26
47.0,20,Data Structue,M,27
85.0,20,Data Structue,M,28
82.0,21,Data Structue,M,29
79.0,19,Data Structue,F,30
69.0,20,Data Structue,M,31
60.0,21,Data Structue,M,32
39.0,19,Data Structue,M,33
0.0,18,Data Structue,M,34
47.0,20,Data Structue,F,35
60.0,18,Data Structue,F,20
89.0,18,Data Structue,M,18
39.0,18,Data Structue,M,149
47.0,18,Data Structue,M,37
39.0,18,Data Structue,M,39
60.0,19,Data Structue,F,40
69.0,20,Data Structue,M,41
89.0,20,Data Structue,M,42
59.0,21,Data Structue,M,43
79.0,18,Data Structue,M,44
76.0,20,Data Structue,F,45
59.0,21,Data Structue,M,46
79.0,21,Data Structue,M,47
76.0,18,Data Structue,M,48
59.0,18,Data Structue,M,49
60.0,19,Data Structue,F,50
76.0,18,Data Structue,M,51
82.0,19,Data Structue,M,52
39.0,19,Data Structue,M,53
89.0,20,Data Structue,M,54
82.0,21,Data Structue,F,55
76.0,18,Data Structue,M,21
47.0,20,Data Structue,M,57
69.0,20,Data Structue,M,58
69.0,20,Data Structue,M,59
89.0,18,Data Structue,F,60
82.0,19,Data Structue,M,61
47.0,18,Data Structue,M,62
76.0,20,Data Structue,M,63
76.0,18,Data Structue,M,64
79.0,21,Data Structue,F,65
39.0,21,Data Structue,M,66
69.0,20,Data Structue,M,67
60.0,21,Data Structue,M,68
39.0,19,Data Structue,M,69
69.0,20,Data Structue,F,70
47.0,20,Data Structue,M,71
59.0,21,Data Structue,M,72
47.0,20,Data Structue,M,73
69.0,20,Data Structue,M,38
59.0,21,Data Structue,F,150
79.0,19,Data Structue,M,74
89.0,20,Data Structue,M,76
79.0,19,Data Structue,F,80
82.0,19,Data Structue,M,81
89.0,18,Data Structue,M,82
47.0,20,Data Structue,M,83
39.0,19,Data Structue,M,84
39.0,21,Data Structue,F,85
59.0,18,Data Structue,M,79
79.0,18,Data Structue,M,86
79.0,21,Data Structue,M,88
39.0,18,Data Structue,M,89
39.0,21,Data Structue,F,90
79.0,19,Data Structue,M,91
82.0,19,Data Structue,M,92
59.0,21,Data Structue,M,111
0.0,19,Data Structue,M,87
47.0,20,Data Structue,M,78
79.0,19,Data Structue,M,93
85.0,18,Data Structue,M,94
89.0,18,Data Structue,M,98
59.0,21,Data Structue,M,99
59.0,19,Data Structue,F,100
39.0,18,Data Structue,M,101
47.0,20,Data Structue,M,102
69.0,18,Data Structue,M,96
89.0,18,Data Structue,M,103
76.0,18,Data Structue,F,105
59.0,19,Data Structue,M,106
39.0,21,Data Structue,M,107
79.0,21,Data Structue,M,108
39.0,19,Data Structue,M,109
79.0,21,Data Structue,F,110
60.0,21,Data Structue,M,104
59.0,19,Data Structue,F,95
79.0,18,Data Structue,M,112
82.0,19,Data Structue,M,113
39.0,19,Data Structue,M,114
79.0,18,Data Structue,M,134
82.0,21,Data Structue,M,116
69.0,18,Data Structue,M,117
47.0,20,Data Structue,M,118
76.0,20,Data Structue,M,119
79.0,21,Data Structue,F,120
85.0,18,Data Structue,M,121
82.0,18,Data Structue,M,122
79.0,21,Data Structue,M,123
39.0,19,Data Structue,M,124
47.0,18,Data Structue,F,125
89.0,20,Data Structue,M,126
39.0,21,Data Structue,M,127
69.0,20,Data Structue,M,128
60.0,21,Data Structue,M,129
60.0,18,Data Structue,M,131
89.0,20,Data Structue,F,115
76.0,18,Data Structue,F,75
69.0,18,Data Structue,F,130
60.0,19,Data Structue,M,77
79.0,18,Data Structue,F,135
59.0,21,Data Structue,M,136
59.0,21,Data Structue,M,137
85.0,20,Data Structue,M,138
79.0,21,Data Structue,M,139
0.0,21,Data Structue,F,140
76.0,18,Data Structue,M,141
89.0,20,Data Structue,M,142
79.0,18,Data Structue,M,143
60.0,18,Data Structue,M,144
82.0,21,Data Structue,F,145
76.0,20,Data Structue,M,146
47.0,18,Data Structue,M,147
82.0,19,Data Structue,M,148
47.0,18,Data Structue,M,133
69.0,20,Data Structue,M,132
82.0,19,Data Structue,M,97
79.0,19,Data Structue,M,2
69.0,20,Data Structue,M,247
60.0,18,Data Structue,M,153
39.0,19,Data Structue,M,154
47.0,18,Data Structue,F,155
39.0,19,Data Structue,M,156
47.0,18,Data Structue,M,157
85.0,18,Data Structue,M,158
25.0,18,Data Structue,M,152
79.0,19,Data Structue,M,159
82.0,18,Data Structue,M,161
0.0,18,Data Structue,M,162
76.0,18,Data Structue,M,163
79.0,19,Data Structue,M,164
39.0,18,Data Structue,F,165
76.0,20,Data Structue,M,166
47.0,18,Data Structue,F,160
85.0,18,Data Structue,M,167
59.0,19,Data Structue,M,169
69.0,20,Data Structue,M,186
59.0,18,Data Structue,M,172
47.0,20,Data Structue,M,173
82.0,19,Data Structue,M,174
39.0,19,Data Structue,F,175
89.0,18,Data Structue,M,176
69.0,18,Data Structue,M,177
47.0,20,Data Structue,M,178
47.0,18,Data Structue,M,179
89.0,18,Data Structue,F,180
89.0,20,Data Structue,M,181
79.0,19,Data Structue,M,182
82.0,19,Data Structue,M,183
82.0,19,Data Structue,M,184
89.0,20,Data Structue,F,185
69.0,18,Data Structue,F,170
59.0,19,Data Structue,M,168
69.0,20,Data Structue,M,187
82.0,18,Data Structue,M,171
85.0,20,Data Structue,M,189
79.0,19,Data Structue,M,191
85.0,18,Data Structue,M,192
79.0,19,Data Structue,M,193
79.0,21,Data Structue,M,194
85.0,20,Data Structue,F,195
85.0,18,Data Structue,M,196
79.0,21,Data Structue,M,197
76.0,18,Data Structue,F,190
82.0,21,Data Structue,M,199
47.0,18,Data Structue,F,200
60.0,18,Data Structue,M,201
85.0,20,Data Structue,M,202
39.0,19,Data Structue,M,203
79.0,19,Data Structue,M,204
89.0,20,Data Structue,M,198
60.0,19,Data Structue,M,206
85.0,18,Data Structue,M,224
76.0,18,Data Structue,F,205
69.0,20,Data Structue,M,207
89.0,18,Data Structue,M,209
60.0,19,Data Structue,F,210
60.0,21,Data Structue,M,211
82.0,19,Data Structue,M,212
82.0,19,Data Structue,M,213
69.0,18,Data Structue,M,214
69.0,18,Data Structue,M,208
60.0,19,Data Structue,F,215
76.0,20,Data Structue,M,217
76.0,18,Data Structue,M,218
39.0,19,Data Structue,M,219
89.0,18,Data Structue,F,220
60.0,19,Data Structue,M,221
89.0,20,Data Structue,M,188
0.0,19,Data Structue,M,216
79.0,21,Data Structue,M,222
85.0,18,Data Structue,M,261
76.0,18,Data Structue,M,223
79.0,21,Data Structue,F,225
39.0,19,Data Structue,M,229
59.0,18,Data Structue,F,230
69.0,20,Data Structue,M,231
85.0,18,Data Structue,M,232
47.0,20,Data Structue,M,233
47.0,18,Data Structue,M,234
85.0,20,Data Structue,M,228
47.0,18,Data Structue,F,235
69.0,20,Data Structue,M,237
89.0,20,Data Structue,M,238
76.0,18,Data Structue,M,239
47.0,18,Data Structue,F,240
89.0,18,Data Structue,M,241
89.0,18,Data Structue,M,151
89.0,18,Data Structue,M,236
47.0,20,Data Structue,M,227
60.0,18,Data Structue,M,243
85.0,20,Data Structue,M,244
60.0,18,Data Structue,M,248
69.0,20,Data Structue,M,249
82.0,19,Data Structue,F,250
82.0,18,Data Structue,M,251
76.0,20,Data Structue,M,252
79.0,18,Data Structue,M,246
59.0,18,Data Structue,M,253
79.0,18,Data Structue,F,255
59.0,19,Data Structue,M,256
69.0,20,Data Structue,M,257
69.0,18,Data Structue,M,258
47.0,20,Data Structue,M,259
39.0,18,Data Structue,F,260
39.0,19,Data Structue,M,254
85.0,20,Data Structue,F,245
89.0,18,Data Structue,M,262
89.0,18,Data Structue,M,263
76.0,20,Data Structue,M,264
47.0,20,Data Structue,M,284
60.0,21,Data Structue,M,266
39.0,19,Data Structue,M,267
76.0,20,Data Structue,M,268
59.0,19,Data Structue,M,269
59.0,19,Data Structue,F,270
82.0,21,Data Structue,M,271
76.0,20,Data Structue,M,272
89.0,18,Data Structue,M,273
47.0,20,Data Structue,M,274
85.0,18,Data Structue,F,275
59.0,19,Data Structue,M,276
59.0,19,Data Structue,M,277
85.0,18,Data Structue,M,278
60.0,18,Data Structue,M,279
39.0,19,Data Structue,M,281
47.0,18,Data Structue,F,265
69.0,20,Data Structue,M,242
59.0,19,Data Structue,F,280
89.0,20,Data Structue,M,226
69.0,18,Data Structue,F,285
47.0,18,Data Structue,M,286
89.0,18,Data Structue,M,287
89.0,18,Data Structue,M,288
79.0,19,Data Structue,M,289
85.0,20,Data Structue,F,290
60.0,19,Data Structue,M,291
89.0,20,Data Structue,M,292
82.0,19,Data Structue,M,293
79.0,19,Data Structue,M,294
60.0,18,Data Structue,F,295
89.0,20,Data Structue,M,296
85.0,18,Data Structue,M,297
89.0,20,Data Structue,M,298
39.0,21,Data Structue,M,283
85.0,20,Data Structue,M,282
79.0,18,Data Structue,M,299
85.0,18,Data Structue,M,56
58.0,19,Data Structue,M,301
47.0,20,Data Structue,F,305
76.0,20,Data Structue,M,306
69.0,18,Data Structue,M,307
69.0,18,Data Structue,M,308
58.0,19,Data Structue,M,309
82.0,19,Data Structue,F,310
60.0,21,Data Structue,M,304
85.0,20,Data Structue,M,311
60.0,21,Data Structue,M,313
76.0,18,Data Structue,M,314
39.0,21,Data Structue,F,315
60.0,19,Data Structue,M,316
60.0,19,Data Structue,M,317
89.0,20,Data Structue,M,336
69.0,18,Data Structue,M,312
79.0,19,Data Structue,M,303
85.0,20,Data Structue,M,318
60.0,19,Data Structue,M,319
69.0,18,Data Structue,M,323
69.0,20,Data Structue,M,324
59.0,21,Data Structue,F,325
60.0,19,Data Structue,M,326
79.0,19,Data Structue,M,327
85.0,20,Data Structue,M,321
59.0,21,Data Structue,M,328
89.0,18,Data Structue,F,330
89.0,18,Data Structue,M,331
47.0,20,Data Structue,M,332
60.0,19,Data Structue,M,333
60.0,18,Data Structue,M,334
47.0,20,Data Structue,F,335
89.0,20,Data Structue,M,329
69.0,18,Data Structue,F,320
85.0,20,Data Structue,M,337
59.0,19,Data Structue,M,338
82.0,18,Data Structue,M,339
69.0,18,Data Structue,M,359
59.0,19,Data Structue,M,341
60.0,19,Data Structue,M,342
60.0,21,Data Structue,M,343
39.0,18,Data Structue,M,344
82.0,21,Data Structue,F,345
89.0,20,Data Structue,M,346
60.0,19,Data Structue,M,347
85.0,18,Data Structue,M,348
79.0,19,Data Structue,M,349
59.0,19,Data Structue,F,350
69.0,18,Data Structue,M,351
25.0,18,Data Structue,M,352
59.0,18,Data Structue,M,353
89.0,18,Data Structue,M,354
76.0,18,Data Structue,M,356
82.0,21,Data Structue,F,340
39.0,18,Data Structue,M,322
76.0,20,Data Structue,F,355
82.0,19,Data Structue,F,375
39.0,21,Data Structue,F,360
39.0,18,Data Structue,M,361
69.0,20,Data Structue,M,362
82.0,19,Data Structue,M,363
79.0,19,Data Structue,M,364
60.0,19,Data Structue,F,365
60.0,18,Data Structue,M,366
69.0,20,Data Structue,M,367
69.0,20,Data Structue,M,368
39.0,19,Data Structue,M,369
85.0,20,Data Structue,F,370
85.0,18,Data Structue,M,371
76.0,18,Data Structue,M,372
69.0,20,Data Structue,M,373
82.0,21,Data Structue,M,358
59.0,18,Data Structue,M,357
85.0,20,Data Structue,M,374
82.0,21,Data Structue,M,376
79.0,19,Data Structue,F,450
39.0,18,Data Structue,M,379
47.0,20,Data Structue,F,380
85.0,20,Data Structue,M,381
69.0,18,Data Structue,M,382
60.0,21,Data Structue,M,383
60.0,19,Data Structue,M,384
85.0,20,Data Structue,F,385
79.0,18,Data Structue,M,386
76.0,20,Data Structue,M,387
60.0,19,Data Structue,M,388
69.0,18,Data Structue,M,389
85.0,18,Data Structue,F,390
39.0,19,Data Structue,M,391
76.0,20,Data Structue,M,392
76.0,18,Data Structue,M,411
89.0,18,Data Structue,M,378
60.0,19,Data Structue,M,412
85.0,20,Data Structue,M,393
76.0,20,Data Structue,F,395
76.0,20,Data Structue,M,449
59.0,19,Data Structue,M,398
79.0,21,Data Structue,M,399
85.0,18,Data Structue,F,400
85.0,20,Data Structue,M,401
47.0,20,Data Structue,M,402
89.0,20,Data Structue,M,396
89.0,20,Data Structue,M,403
47.0,18,Data Structue,F,405
39.0,19,Data Structue,M,406
69.0,18,Data Structue,M,407
59.0,18,Data Structue,M,408
39.0,19,Data Structue,M,409
76.0,18,Data Structue,F,410
89.0,18,Data Structue,M,404
69.0,18,Data Structue,M,394
47.0,18,Data Structue,M,302
59.0,21,Data Structue,M,413
76.0,18,Data Structue,M,434
39.0,21,Data Structue,M,416
59.0,19,Data Structue,M,417
0.0,19,Data Structue,M,418
59.0,19,Data Structue,M,419
79.0,18,Data Structue,F,420
69.0,18,Data Structue,M,421
76.0,20,Data Structue,M,422
76.0,20,Data Structue,M,423
60.0,21,Data Structue,M,424
79.0,19,Data Structue,F,425
69.0,18,Data Structue,M,426
85.0,20,Data Structue,M,427
59.0,19,Data Structue,M,428
76.0,20,Data Structue,M,429
89.0,20,Data Structue,M,431
89.0,18,Data Structue,F,415
60.0,19,Data Structue,M,414
39.0,18,Data Structue,F,430
60.0,19,Data Structue,M,377
60.0,19,Data Structue,F,435
85.0,20,Data Structue,M,436
39.0,18,Data Structue,M,437
47.0,18,Data Structue,M,438
79.0,19,Data Structue,M,439
85.0,18,Data Structue,F,440
47.0,18,Data Structue,M,441
82.0,19,Data Structue,M,442
79.0,18,Data Structue,M,443
39.0,19,Data Structue,M,444
47.0,18,Data Structue,F,445
69.0,20,Data Structue,M,446
79.0,19,Data Structue,M,447
60.0,19,Data Structue,M,448
47.0,18,Data Structue,M,433
82.0,18,Data Structue,M,432
76.0,20,Data Structue,M,451
82.0,19,Data Structue,M,397
69.0,18,Data Structue,M,488
85.0,20,Data Structue,M,456
89.0,18,Data Structue,M,457
89.0,20,Data Structue,M,458
47.0,18,Data Structue,M,459
79.0,18,Data Structue,F,460
89.0,20,Data Structue,M,461
69.0,20,Data Structue,F,455
59.0,19,Data Structue,M,462
69.0,20,Data Structue,M,464
0.0,21,Data Structue,F,465
47.0,20,Data Structue,M,466
82.0,21,Data Structue,M,467
60.0,18,Data Structue,M,468
89.0,20,Data Structue,M,487
85.0,20,Data Structue,M,463
79.0,19,Data Structue,M,454
47.0,18,Data Structue,M,469
76.0,18,Data Structue,F,470
79.0,21,Data Structue,M,473
39.0,21,Data Structue,M,474
85.0,20,Data Structue,F,475
76.0,20,Data Structue,M,476
39.0,19,Data Structue,M,477
69.0,18,Data Structue,M,478
47.0,20,Data Structue,M,472
89.0,18,Data Structue,M,479
82.0,19,Data Structue,M,481
79.0,18,Data Structue,M,482
76.0,20,Data Structue,M,483
60.0,19,Data Structue,M,484
82.0,18,Data Structue,F,485
85.0,20,Data Structue,M,486
82.0,21,Data Structue,F,480
89.0,18,Data Structue,M,453
69.0,18,Data Structue,M,489
47.0,20,Data Structue,F,490
47.0,18,Data Structue,F,510
76.0,20,Data Structue,M,492
82.0,19,Data Structue,M,493
85.0,20,Data Structue,M,494
69.0,18,Data Structue,F,495
69.0,18,Data Structue,M,496
85.0,18,Data Structue,M,497
79.0,19,Data Structue,M,498
82.0,18,Data Structue,M,499
47.0,18,Data Structue,F,500
47.0,20,Data Structue,M,501
59.0,18,Data Structue,M,502
85.0,18,Data Structue,M,503
85.0,18,Data Structue,M,504
39.0,19,Data Structue,F,505
60.0,21,Data Structue,M,507
82.0,18,Data Structue,M,491
79.0,19,Data Structue,F,525
60.0,21,Data Structue,M,506
85.0,18,Data Structue,M,526
85.0,18,Data Structue,M,511
76.0,20,Data Structue,M,512
39.0,19,Data Structue,M,513
59.0,19,Data Structue,M,514
59.0,18,Data Structue,F,515
47.0,18,Data Structue,M,516
76.0,18,Data Structue,M,517
82.0,19,Data Structue,M,518
89.0,20,Data Structue,M,519
58.0,19,Data Structue,F,520
76.0,20,Data Structue,M,521
39.0,19,Data Structue,M,522
47.0,18,Data Structue,M,523
39.0,21,Data Structue,M,524
59.0,19,Data Structue,M,509
47.0,18,Data Structue,M,508
69.0,20,Data Structue,M,527
76.0,18,Data Structue,M,471
85.0,20,Data Structue,M,582
76.0,18,Data Structue,M,452
39.0,18,Data Structue,M,531
59.0,21,Data Structue,M,532
39.0,21,Data Structue,M,533
82.0,21,Data Structue,M,534
89.0,20,Data Structue,F,535
89.0,20,Data Structue,M,536
76.0,18,Data Structue,M,537
59.0,19,Data Structue,M,538
85.0,18,Data Structue,M,539
59.0,18,Data Structue,F,540
60.0,21,Data Structue,M,541
89.0,18,Data Structue,M,542
76.0,18,Data Structue,M,543
47.0,20,Data Structue,M,562
39.0,19,Data Structue,M,529
59.0,19,Data Structue,M,563
69.0,20,Data Structue,M,544
79.0,19,Data Structue,M,546
82.0,18,Data Structue,M,548
79.0,19,Data Structue,M,549
76.0,20,Data Structue,F,550
76.0,18,Data Structue,M,551
85.0,18,Data Structue,M,552
79.0,19,Data Structue,M,553
59.0,19,Data Structue,M,547
59.0,21,Data Structue,M,554
76.0,18,Data Structue,M,556
60.0,19,Data Structue,M,557
59.0,19,Data Structue,M,558
85.0,18,Data Structue,M,559
89.0,20,Data Structue,F,560
60.0,18,Data Structue,M,561
60.0,19,Data Structue,F,555
76.0,20,Data Structue,F,545
39.0,18,Data Structue,M,564
82.0,19,Data Structue,F,530
85.0,18,Data Structue,F,585
60.0,21,Data Structue,M,567
47.0,18,Data Structue,M,568
89.0,20,Data Structue,M,569
59.0,19,Data Structue,F,570
39.0,19,Data Structue,M,571
76.0,20,Data Structue,M,572
59.0,18,Data Structue,M,566
47.0,18,Data Structue,M,573
69.0,20,Data Structue,F,575
79.0,21,Data Structue,M,576
69.0,18,Data Structue,M,577
79.0,19,Data Structue,M,578
76.0,18,Data Structue,M,579
59.0,21,Data Structue,F,565
79.0,18,Data Structue,M,574
89.0,18,Data Structue,M,581
59.0,21,Data Structue,F,580
82.0,18,Data Structue,M,528
39.0,21,Data Structue,M,583
79.0,19,Data Structue,M,587
39.0,18,Data Structue,M,588
82.0,19,Data Structue,M,589
76.0,20,Data Structue,F,590
59.0,19,Data Structue,M,591
82.0,19,Data Structue,M,592
85.0,20,Data Structue,M,593
47.0,20,Data Structue,M,586
39.0,19,Data Structue,F,595
69.0,18,Data Structue,M,596
47.0,20,Data Structue,M,597
69.0,20,Data Structue,M,598
0.0,19,Data Structue,M,599
89.0,18,Data Structue,M,584
82.0,19,Data Structue,M,594
82.0,18,Maths,M,4
82.0,18,Maths,F,5
95.0,20,Maths,M,6
95.0,18,Maths,M,7
65.0,19,Maths,M,8
53.0,20,Maths,F,35
88.0,18,Maths,M,9
53.0,20,Maths,M,12
53.0,20,Maths,M,11
66.0,19,Maths,M,13
88.0,18,Maths,M,14
88.0,21,Maths,F,15
82.0,20,Maths,M,16
45.0,19,Maths,M,3
88.0,19,Maths,F,10
85.0,19,Maths,M,2
85.0,19,Maths,F,30
95.0,18,Maths,M,18
65.0,19,Maths,M,36
66.0,18,Maths,M,22
75.0,18,Maths,M,23
65.0,19,Maths,M,24
91.0,20,Maths,F,25
91.0,18,Maths,M,26
66.0,18,Maths,F,20
53.0,20,Maths,M,27
88.0,21,Maths,M,29
75.0,20,Maths,M,31
66.0,21,Maths,M,32
45.0,19,Maths,M,33
66.0,18,Maths,M,34
91.0,20,Maths,M,28
91.0,18,Maths,M,19
31.0,18,Maths,M,17
53.0,18,Maths,M,37
75.0,18,Maths,M,96
75.0,20,Maths,M,58
66.0,19,Maths,F,40
75.0,20,Maths,M,41
95.0,20,Maths,M,42
65.0,21,Maths,M,43
85.0,18,Maths,M,44
82.0,20,Maths,F,45
65.0,21,Maths,M,46
85.0,21,Maths,M,47
82.0,18,Maths,M,48
65.0,18,Maths,M,49
66.0,19,Maths,F,50
82.0,18,Maths,M,51
88.0,19,Maths,M,52
0.0,19,Maths,M,53
88.0,21,Maths,F,55
45.0,18,Maths,M,39
75.0,20,Maths,M,38
95.0,20,Maths,M,54
85.0,19,Maths,M,74
75.0,20,Maths,M,59
95.0,18,Maths,F,60
88.0,19,Maths,M,61
53.0,18,Maths,M,62
82.0,20,Maths,M,63
82.0,18,Maths,M,64
85.0,21,Maths,F,65
45.0,21,Maths,M,66
75.0,20,Maths,M,67
66.0,21,Maths,M,68
45.0,19,Maths,M,69
75.0,20,Maths,F,70
53.0,20,Maths,M,71
65.0,21,Maths,M,72
53.0,20,Maths,M,57
91.0,18,Maths,M,56
82.0,18,Maths,M,21
88.0,19,Maths,M,97
82.0,18,Maths,F,75
65.0,18,Maths,M,79
85.0,19,Maths,F,80
88.0,19,Maths,M,81
95.0,18,Maths,M,82
53.0,20,Maths,M,83
45.0,19,Maths,M,84
45.0,21,Maths,F,85
85.0,18,Maths,M,86
45.0,19,Maths,M,87
85.0,21,Maths,M,88
45.0,18,Maths,M,89
45.0,21,Maths,F,90
85.0,19,Maths,M,91
85.0,21,Maths,F,110
65.0,21,Maths,M,111
53.0,20,Maths,M,78
85.0,18,Maths,M,112
66.0,19,Maths,M,77
85.0,19,Maths,M,93
45.0,18,Maths,M,149
95.0,18,Maths,M,98
65.0,21,Maths,M,99
65.0,19,Maths,F,100
45.0,18,Maths,M,101
65.0,19,Maths,F,95
53.0,20,Maths,M,102
66.0,21,Maths,M,104
82.0,18,Maths,F,105
65.0,19,Maths,M,106
45.0,21,Maths,M,107
85.0,21,Maths,M,108
45.0,19,Maths,M,109
95.0,18,Maths,M,103
91.0,18,Maths,M,94
88.0,19,Maths,M,92
53.0,20,Maths,M,73
88.0,19,Maths,M,113
85.0,18,Maths,M,134
88.0,21,Maths,M,116
75.0,18,Maths,M,117
53.0,20,Maths,M,118
82.0,20,Maths,M,119
85.0,21,Maths,F,120
91.0,18,Maths,M,121
88.0,18,Maths,M,122
85.0,21,Maths,M,123
45.0,19,Maths,M,124
53.0,18,Maths,F,125
95.0,20,Maths,M,126
45.0,21,Maths,M,127
75.0,20,Maths,M,128
75.0,18,Maths,F,130
88.0,19,Maths,M,148
95.0,20,Maths,F,115
53.0,18,Maths,M,133
45.0,19,Maths,M,114
66.0,18,Maths,M,131
85.0,18,Maths,F,135
65.0,21,Maths,M,136
65.0,21,Maths,M,137
91.0,20,Maths,M,138
85.0,21,Maths,M,139
45.0,21,Maths,F,140
82.0,18,Maths,M,141
95.0,20,Maths,M,142
85.0,18,Maths,M,143
66.0,18,Maths,M,144
88.0,21,Maths,F,145
82.0,20,Maths,M,146
53.0,18,Maths,M,147
75.0,20,Maths,M,132
95.0,20,Maths,M,76
66.0,21,Maths,M,129
88.0,18,Maths,M,1
95.0,20,Maths,M,226
75.0,20,Maths,M,247
45.0,19,Maths,M,154
53.0,18,Maths,F,155
45.0,19,Maths,M,156
53.0,18,Maths,M,157
91.0,18,Maths,M,158
85.0,19,Maths,M,159
66.0,18,Maths,M,153
53.0,18,Maths,F,160
88.0,18,Maths,M,162
82.0,18,Maths,M,163
85.0,19,Maths,M,164
45.0,18,Maths,F,165
82.0,20,Maths,M,166
65.0,19,Maths,M,168
88.0,18,Maths,M,161
85.0,21,Maths,F,225
91.0,18,Maths,M,167
65.0,19,Maths,M,169
53.0,20,Maths,M,173
88.0,19,Maths,M,174
45.0,19,Maths,F,175
95.0,18,Maths,M,176
75.0,18,Maths,M,177
53.0,20,Maths,M,178
53.0,18,Maths,M,179
95.0,18,Maths,F,180
95.0,20,Maths,M,181
85.0,19,Maths,M,182
88.0,19,Maths,M,183
88.0,19,Maths,M,184
95.0,20,Maths,F,185
75.0,18,Maths,F,170
75.0,20,Maths,M,186
75.0,20,Maths,M,187
31.0,18,Maths,M,152
91.0,20,Maths,M,189
95.0,18,Maths,M,209
82.0,18,Maths,F,190
85.0,19,Maths,M,191
91.0,18,Maths,M,192
85.0,19,Maths,M,193
91.0,20,Maths,F,195
91.0,18,Maths,M,196
85.0,21,Maths,M,194
95.0,20,Maths,M,198
88.0,21,Maths,M,199
53.0,18,Maths,F,200
66.0,18,Maths,M,201
91.0,20,Maths,M,202
45.0,19,Maths,M,203
85.0,19,Maths,M,204
85.0,21,Maths,M,197
66.0,19,Maths,M,206
65.0,18,Maths,M,172
82.0,18,Maths,F,205
75.0,20,Maths,M,207
66.0,19,Maths,F,210
66.0,21,Maths,M,211
88.0,19,Maths,M,212
88.0,19,Maths,M,213
95.0,20,Maths,M,188
66.0,19,Maths,F,215
88.0,19,Maths,M,216
82.0,20,Maths,M,217
82.0,18,Maths,M,218
45.0,19,Maths,M,219
95.0,18,Maths,F,220
66.0,19,Maths,M,221
85.0,21,Maths,M,222
82.0,18,Maths,M,223
75.0,18,Maths,M,208
75.0,18,Maths,M,214
95.0,18,Maths,M,151
88.0,18,Maths,M,171
91.0,18,Maths,M,261
65.0,18,Maths,F,230
75.0,20,Maths,M,231
91.0,18,Maths,M,232
53.0,20,Maths,M,233
53.0,18,Maths,M,234
53.0,18,Maths,F,235
45.0,19,Maths,M,229
95.0,18,Maths,M,236
95.0,20,Maths,M,238
82.0,18,Maths,M,239
53.0,18,Maths,F,240
95.0,18,Maths,M,241
75.0,20,Maths,M,242
65.0,21,Maths,F,150
75.0,20,Maths,M,237
91.0,20,Maths,M,228
66.0,18,Maths,M,243
91.0,20,Maths,M,244
66.0,18,Maths,M,248
75.0,20,Maths,M,249
88.0,19,Maths,F,250
88.0,18,Maths,M,251
82.0,20,Maths,M,252
85.0,18,Maths,M,246
65.0,18,Maths,M,253
85.0,18,Maths,F,255
65.0,19,Maths,M,256
75.0,20,Maths,M,257
75.0,18,Maths,M,258
53.0,20,Maths,M,259
45.0,18,Maths,F,260
45.0,19,Maths,M,254
91.0,20,Maths,F,245
95.0,18,Maths,M,262
95.0,18,Maths,M,263
82.0,20,Maths,M,264
53.0,20,Maths,M,284
66.0,21,Maths,M,266
45.0,19,Maths,M,267
82.0,20,Maths,M,268
65.0,19,Maths,M,269
65.0,19,Maths,F,270
88.0,21,Maths,M,271
82.0,20,Maths,M,272
95.0,18,Maths,M,273
53.0,20,Maths,M,274
91.0,18,Maths,F,275
65.0,19,Maths,M,276
65.0,19,Maths,M,277
91.0,18,Maths,M,278
66.0,18,Maths,M,279
45.0,19,Maths,M,281
53.0,18,Maths,F,265
91.0,18,Maths,M,224
65.0,19,Maths,F,280
53.0,20,Maths,M,227
75.0,18,Maths,F,285
53.0,18,Maths,M,286
95.0,18,Maths,M,287
95.0,18,Maths,M,288
85.0,19,Maths,M,289
91.0,20,Maths,F,290
66.0,19,Maths,M,291
95.0,20,Maths,M,292
88.0,19,Maths,M,293
85.0,19,Maths,M,294
66.0,18,Maths,F,295
95.0,20,Maths,M,296
91.0,18,Maths,M,297
95.0,20,Maths,M,298
45.0,21,Maths,M,283
91.0,20,Maths,M,282
85.0,18,Maths,M,299
91.0,18,Maths,F,300
64.0,19,Maths,M,301
66.0,21,Maths,M,304
53.0,20,Maths,F,305
82.0,20,Maths,M,306
75.0,18,Maths,M,307
75.0,18,Maths,M,308
64.0,19,Maths,M,309
82.0,20,Maths,M,449
88.0,19,Maths,F,310
75.0,18,Maths,M,312
66.0,21,Maths,M,313
82.0,18,Maths,M,314
45.0,21,Maths,F,315
66.0,19,Maths,M,316
66.0,19,Maths,M,317
91.0,20,Maths,M,311
91.0,20,Maths,M,318
75.0,18,Maths,F,320
91.0,20,Maths,M,337
75.0,18,Maths,M,323
75.0,20,Maths,M,324
65.0,21,Maths,F,325
66.0,19,Maths,M,326
85.0,19,Maths,M,327
65.0,21,Maths,M,328
95.0,20,Maths,M,329
95.0,18,Maths,F,330
95.0,18,Maths,M,331
53.0,20,Maths,M,332
66.0,19,Maths,M,333
66.0,18,Maths,M,334
53.0,20,Maths,F,335
95.0,20,Maths,M,336
91.0,20,Maths,M,321
66.0,19,Maths,M,319
88.0,21,Maths,M,376
65.0,19,Maths,M,338
88.0,21,Maths,F,340
65.0,19,Maths,M,341
66.0,19,Maths,M,342
66.0,21,Maths,M,343
45.0,18,Maths,M,344
88.0,21,Maths,F,345
95.0,20,Maths,M,346
66.0,19,Maths,M,347
91.0,18,Maths,M,348
85.0,19,Maths,M,349
65.0,19,Maths,F,350
75.0,18,Maths,M,351
31.0,18,Maths,M,352
65.0,18,Maths,M,353
95.0,18,Maths,M,354
82.0,20,Maths,F,355
82.0,18,Maths,M,356
45.0,18,Maths,M,322
88.0,21,Maths,M,358
75.0,18,Maths,M,359
45.0,21,Maths,F,360
45.0,18,Maths,M,361
75.0,20,Maths,M,362
88.0,19,Maths,M,363
85.0,19,Maths,M,364
66.0,19,Maths,F,365
66.0,18,Maths,M,366
75.0,20,Maths,M,367
75.0,20,Maths,M,368
45.0,19,Maths,M,369
91.0,20,Maths,F,370
91.0,18,Maths,M,371
82.0,18,Maths,M,372
75.0,20,Maths,M,373
91.0,20,Maths,M,374
88.0,18,Maths,M,339
65.0,18,Maths,M,357
88.0,19,Maths,F,375
66.0,19,Maths,M,377
45.0,18,Maths,M,379
53.0,20,Maths,F,380
91.0,20,Maths,M,381
75.0,18,Maths,M,382
66.0,21,Maths,M,383
66.0,19,Maths,M,384
95.0,18,Maths,M,378
91.0,20,Maths,F,385
66.0,19,Maths,M,388
75.0,18,Maths,M,389
91.0,18,Maths,F,390
45.0,19,Maths,M,391
0.0,20,Maths,M,392
75.0,18,Maths,M,394
82.0,20,Maths,M,387
82.0,18,Maths,M,411
91.0,20,Maths,M,393
85.0,18,Maths,M,386
65.0,19,Maths,M,398
85.0,21,Maths,M,399
91.0,18,Maths,F,400
91.0,20,Maths,M,401
82.0,18,Maths,F,410
53.0,20,Maths,M,402
53.0,18,Maths,F,405
95.0,18,Maths,M,404
45.0,19,Maths,M,406
75.0,18,Maths,M,407
65.0,18,Maths,M,408
45.0,19,Maths,M,409
95.0,20,Maths,M,396
95.0,20,Maths,M,403
82.0,20,Maths,F,395
66.0,19,Maths,M,412
53.0,18,Maths,M,302
66.0,19,Maths,M,414
82.0,18,Maths,M,434
45.0,21,Maths,M,416
65.0,19,Maths,M,417
88.0,19,Maths,M,418
65.0,19,Maths,M,419
85.0,18,Maths,F,420
75.0,18,Maths,M,421
82.0,20,Maths,M,422
82.0,20,Maths,M,423
66.0,21,Maths,M,424
85.0,19,Maths,F,425
75.0,18,Maths,M,426
91.0,20,Maths,M,427
65.0,19,Maths,M,428
82.0,20,Maths,M,429
95.0,20,Maths,M,431
95.0,18,Maths,F,415
85.0,19,Maths,M,303
45.0,18,Maths,F,430
65.0,21,Maths,M,413
66.0,19,Maths,F,435
91.0,20,Maths,M,436
45.0,18,Maths,M,437
53.0,18,Maths,M,438
85.0,19,Maths,M,439
91.0,18,Maths,F,440
53.0,18,Maths,M,441
88.0,19,Maths,M,442
85.0,18,Maths,M,443
45.0,19,Maths,M,444
53.0,18,Maths,F,445
75.0,20,Maths,M,446
85.0,19,Maths,M,447
66.0,19,Maths,M,448
53.0,18,Maths,M,433
88.0,18,Maths,M,432
85.0,19,Maths,F,450
88.0,19,Maths,M,397
82.0,18,Maths,M,452
75.0,20,Maths,F,455
91.0,20,Maths,M,456
95.0,18,Maths,M,457
95.0,20,Maths,M,458
53.0,18,Maths,M,459
85.0,18,Maths,F,460
85.0,19,Maths,M,454
95.0,20,Maths,M,461
91.0,20,Maths,M,463
75.0,20,Maths,M,464
45.0,21,Maths,F,465
53.0,20,Maths,M,466
88.0,21,Maths,M,467
91.0,20,Maths,M,486
65.0,19,Maths,M,462
95.0,18,Maths,M,453
66.0,18,Maths,M,468
53.0,18,Maths,M,469
85.0,21,Maths,M,473
45.0,21,Maths,M,474
91.0,20,Maths,F,475
82.0,20,Maths,M,476
45.0,19,Maths,M,477
82.0,18,Maths,M,471
75.0,18,Maths,M,478
88.0,21,Maths,F,480
88.0,19,Maths,M,481
85.0,18,Maths,M,482
82.0,20,Maths,M,483
66.0,19,Maths,M,484
88.0,18,Maths,F,485
95.0,18,Maths,M,479
82.0,18,Maths,F,470
45.0,21,Maths,M,524
75.0,18,Maths,M,488
75.0,18,Maths,M,489
65.0,19,Maths,M,509
88.0,18,Maths,M,491
82.0,20,Maths,M,492
88.0,19,Maths,M,493
91.0,20,Maths,M,494
75.0,18,Maths,F,495
75.0,18,Maths,M,496
91.0,18,Maths,M,497
85.0,19,Maths,M,498
88.0,18,Maths,M,499
53.0,18,Maths,F,500
53.0,20,Maths,M,501
65.0,18,Maths,M,502
91.0,18,Maths,M,503
91.0,18,Maths,M,504
66.0,21,Maths,M,506
53.0,20,Maths,F,490
53.0,20,Maths,M,472
45.0,19,Maths,F,505
91.0,18,Maths,M,526
53.0,18,Maths,F,510
91.0,18,Maths,M,511
82.0,20,Maths,M,512
45.0,19,Maths,M,513
65.0,19,Maths,M,514
65.0,18,Maths,F,515
53.0,18,Maths,M,516
82.0,18,Maths,M,517
88.0,19,Maths,M,518
95.0,20,Maths,M,519
64.0,19,Maths,F,520
82.0,20,Maths,M,521
45.0,19,Maths,M,522
53.0,18,Maths,M,523
53.0,18,Maths,M,508
66.0,21,Maths,M,507
85.0,19,Maths,F,525
95.0,20,Maths,M,487
82.0,20,Maths,M,451
88.0,19,Maths,F,530
45.0,18,Maths,M,531
65.0,21,Maths,M,532
45.0,21,Maths,M,533
88.0,21,Maths,M,534
95.0,20,Maths,F,535
95.0,20,Maths,M,536
82.0,18,Maths,M,537
65.0,19,Maths,M,538
91.0,18,Maths,M,539
65.0,18,Maths,F,540
66.0,21,Maths,M,541
95.0,18,Maths,M,542
82.0,18,Maths,M,543
53.0,20,Maths,M,562
45.0,19,Maths,M,529
65.0,19,Maths,M,563
75.0,20,Maths,M,544
85.0,19,Maths,M,546
75.0,20,Maths,M,527
85.0,19,Maths,M,549
82.0,20,Maths,F,550
82.0,18,Maths,M,551
91.0,18,Maths,M,552
85.0,19,Maths,M,553
65.0,19,Maths,M,547
65.0,21,Maths,M,554
82.0,18,Maths,M,556
66.0,19,Maths,M,557
65.0,19,Maths,M,558
91.0,18,Maths,M,559
95.0,20,Maths,F,560
66.0,18,Maths,M,561
66.0,19,Maths,F,555
82.0,20,Maths,F,545
45.0,18,Maths,M,564
88.0,18,Maths,M,548
91.0,18,Maths,F,585
66.0,21,Maths,M,567
53.0,18,Maths,M,568
95.0,20,Maths,M,569
65.0,19,Maths,F,570
45.0,19,Maths,M,571
0.0,21,Maths,F,565
53.0,18,Maths,M,573
85.0,18,Maths,M,574
75.0,20,Maths,F,575
85.0,21,Maths,M,576
75.0,18,Maths,M,577
85.0,19,Maths,M,578
82.0,18,Maths,M,579
65.0,21,Maths,F,580
91.0,20,Maths,M,582
65.0,18,Maths,M,566
95.0,18,Maths,M,581
82.0,20,Maths,M,572
88.0,18,Maths,M,528
45.0,21,Maths,M,583
53.0,20,Maths,M,586
85.0,19,Maths,M,587
45.0,18,Maths,M,588
88.0,19,Maths,M,589
65.0,19,Maths,M,591
88.0,19,Maths,M,592
82.0,20,Maths,F,590
88.0,19,Maths,M,594
45.0,19,Maths,F,595
75.0,18,Maths,M,596
53.0,20,Maths,M,597
75.0,20,Maths,M,598
88.0,19,Maths,M,599
95.0,18,Maths,M,584
91.0,20,Maths,M,593
91.0,18,Physics,M,7
81.0,19,Physics,M,2
41.0,19,Physics,M,3
78.0,18,Physics,M,4
78.0,18,Physics,F,5
91.0,20,Physics,M,6
61.0,19,Physics,M,8
94.0,18,Physics,M,34
84.0,19,Physics,F,10
49.0,20,Physics,M,11
49.0,20,Physics,M,12
62.0,19,Physics,M,13
84.0,18,Physics,M,14
84.0,21,Physics,F,15
84.0,18,Physics,M,9
84.0,18,Physics,M,1
78.0,18,Physics,M,21
0.0,18,Physics,M,17
49.0,20,Physics,F,35
62.0,18,Physics,M,22
71.0,18,Physics,M,23
61.0,19,Physics,M,24
87.0,20,Physics,F,25
87.0,18,Physics,M,19
87.0,18,Physics,M,26
87.0,20,Physics,M,28
84.0,21,Physics,M,29
81.0,19,Physics,F,30
71.0,20,Physics,M,31
62.0,21,Physics,M,32
41.0,19,Physics,M,33
49.0,20,Physics,M,27
91.0,18,Physics,M,18
78.0,20,Physics,M,16
61.0,19,Physics,M,36
49.0,20,Physics,M,73
49.0,20,Physics,M,57
62.0,19,Physics,F,40
71.0,20,Physics,M,41
91.0,20,Physics,M,42
61.0,21,Physics,M,43
81.0,18,Physics,M,44
78.0,20,Physics,F,45
41.0,18,Physics,M,39
61.0,21,Physics,M,46
78.0,18,Physics,M,48
61.0,18,Physics,M,49
62.0,19,Physics,F,50
78.0,18,Physics,M,51
84.0,19,Physics,M,52
91.0,20,Physics,M,54
81.0,21,Physics,M,47
71.0,20,Physics,M,38
41.0,19,Physics,M,53
84.0,21,Physics,F,55
71.0,20,Physics,M,58
71.0,20,Physics,M,59
91.0,18,Physics,F,60
84.0,19,Physics,M,61
49.0,18,Physics,M,62
78.0,20,Physics,M,63
78.0,18,Physics,M,64
81.0,21,Physics,F,65
0.0,21,Physics,M,66
71.0,20,Physics,M,67
62.0,21,Physics,M,68
41.0,19,Physics,M,69
71.0,20,Physics,F,70
49.0,20,Physics,M,71
87.0,18,Physics,M,56
49.0,18,Physics,M,37
62.0,18,Physics,F,20
71.0,18,Physics,M,96
81.0,19,Physics,M,74
49.0,20,Physics,M,78
61.0,18,Physics,M,79
81.0,19,Physics,F,80
84.0,19,Physics,M,81
91.0,18,Physics,M,82
49.0,20,Physics,M,83
41.0,19,Physics,M,84
41.0,21,Physics,F,85
81.0,18,Physics,M,86
90.0,19,Physics,M,87
81.0,21,Physics,M,88
41.0,18,Physics,M,89
41.0,21,Physics,F,90
0.0,19,Physics,M,109
81.0,21,Physics,F,110
62.0,19,Physics,M,77
61.0,21,Physics,M,111
91.0,20,Physics,M,76
84.0,19,Physics,M,92
84.0,19,Physics,M,148
84.0,19,Physics,M,97
91.0,18,Physics,M,98
61.0,21,Physics,M,99
61.0,19,Physics,F,100
87.0,18,Physics,M,94
41.0,18,Physics,M,101
91.0,18,Physics,M,103
62.0,21,Physics,M,104
78.0,18,Physics,F,105
61.0,19,Physics,M,106
0.0,21,Physics,M,107
81.0,21,Physics,M,108
49.0,20,Physics,M,102
81.0,19,Physics,M,93
0.0,19,Physics,M,91
61.0,21,Physics,M,72
81.0,18,Physics,M,112
49.0,18,Physics,M,133
91.0,20,Physics,F,115
84.0,21,Physics,M,116
71.0,18,Physics,M,117
49.0,20,Physics,M,118
78.0,20,Physics,M,119
81.0,21,Physics,F,120
87.0,18,Physics,M,121
0.0,18,Physics,M,122
81.0,21,Physics,M,123
41.0,19,Physics,M,124
49.0,18,Physics,F,125
91.0,20,Physics,M,126
41.0,21,Physics,M,127
62.0,21,Physics,M,129
49.0,18,Physics,M,147
41.0,19,Physics,M,114
71.0,20,Physics,M,132
84.0,19,Physics,M,113
71.0,18,Physics,F,130
81.0,18,Physics,M,134
81.0,18,Physics,F,135
61.0,21,Physics,M,136
61.0,21,Physics,M,137
87.0,20,Physics,M,138
81.0,21,Physics,M,139
88.0,21,Physics,F,140
78.0,18,Physics,M,141
91.0,20,Physics,M,142
81.0,18,Physics,M,143
62.0,18,Physics,M,144
84.0,21,Physics,F,145
78.0,20,Physics,M,146
62.0,18,Physics,M,131
78.0,18,Physics,F,75
71.0,20,Physics,M,128
41.0,18,Physics,M,149
81.0,21,Physics,F,225
81.0,18,Physics,M,246
62.0,18,Physics,M,153
41.0,19,Physics,M,154
49.0,18,Physics,F,155
41.0,19,Physics,M,156
49.0,18,Physics,M,157
87.0,18,Physics,M,158
27.0,18,Physics,M,152
81.0,19,Physics,M,159
84.0,18,Physics,M,161
81.0,18,Physics,M,162
78.0,18,Physics,M,163
81.0,19,Physics,M,164
41.0,18,Physics,F,165
87.0,18,Physics,M,167
49.0,18,Physics,F,160
91.0,18,Physics,M,151
78.0,20,Physics,M,166
61.0,19,Physics,M,168
61.0,18,Physics,M,172
49.0,20,Physics,M,173
84.0,19,Physics,M,174
41.0,19,Physics,F,175
91.0,18,Physics,M,176
71.0,18,Physics,M,177
49.0,20,Physics,M,178
49.0,18,Physics,M,179
91.0,18,Physics,F,180
91.0,20,Physics,M,181
81.0,19,Physics,M,182
84.0,19,Physics,M,183
84.0,19,Physics,M,184
61.0,19,Physics,M,169
91.0,20,Physics,F,185
81.0,18,Physics,M,299
71.0,20,Physics,M,186
91.0,20,Physics,M,188
71.0,18,Physics,M,208
78.0,18,Physics,F,190
81.0,19,Physics,M,191
87.0,18,Physics,M,192
81.0,19,Physics,M,193
81.0,21,Physics,M,194
87.0,20,Physics,F,195
87.0,18,Physics,M,196
81.0,21,Physics,M,197
91.0,20,Physics,M,198
84.0,21,Physics,M,199
49.0,18,Physics,F,200
62.0,18,Physics,M,201
87.0,20,Physics,M,202
41.0,19,Physics,M,203
61.0,19,Physics,F,95
87.0,20,Physics,M,189
84.0,18,Physics,M,171
81.0,19,Physics,M,204
71.0,20,Physics,M,187
91.0,18,Physics,M,209
62.0,19,Physics,F,210
62.0,21,Physics,M,211
84.0,19,Physics,M,212
84.0,19,Physics,M,213
71.0,18,Physics,M,214
62.0,19,Physics,F,215
69.0,19,Physics,M,216
78.0,20,Physics,M,217
78.0,18,Physics,M,218
41.0,19,Physics,M,219
91.0,18,Physics,F,220
62.0,19,Physics,M,221
81.0,21,Physics,M,222
71.0,20,Physics,M,207
62.0,19,Physics,M,206
71.0,20,Physics,M,598
71.0,18,Physics,F,170
87.0,18,Physics,M,224
41.0,19,Physics,M,229
61.0,18,Physics,F,230
71.0,20,Physics,M,231
87.0,18,Physics,M,232
49.0,20,Physics,M,233
49.0,18,Physics,M,234
87.0,20,Physics,M,228
49.0,18,Physics,F,235
71.0,20,Physics,M,237
91.0,20,Physics,M,238
78.0,18,Physics,M,239
49.0,18,Physics,F,240
91.0,18,Physics,M,241
41.0,18,Physics,F,260
91.0,18,Physics,M,236
49.0,20,Physics,M,227
71.0,20,Physics,M,242
62.0,18,Physics,M,243
71.0,20,Physics,M,247
62.0,18,Physics,M,248
71.0,20,Physics,M,249
84.0,19,Physics,F,250
84.0,18,Physics,M,251
87.0,20,Physics,F,245
78.0,20,Physics,M,252
41.0,19,Physics,M,254
81.0,18,Physics,F,255
61.0,19,Physics,M,256
71.0,20,Physics,M,257
71.0,18,Physics,M,258
49.0,20,Physics,M,259
61.0,18,Physics,M,253
87.0,20,Physics,M,244
87.0,18,Physics,M,261
91.0,18,Physics,M,262
91.0,18,Physics,M,263
41.0,21,Physics,M,283
49.0,18,Physics,F,265
62.0,21,Physics,M,266
41.0,19,Physics,M,267
78.0,20,Physics,M,268
61.0,19,Physics,M,269
61.0,19,Physics,F,270
84.0,21,Physics,M,271
78.0,20,Physics,M,272
91.0,18,Physics,M,273
49.0,20,Physics,M,274
87.0,18,Physics,F,275
61.0,19,Physics,M,276
61.0,19,Physics,M,277
87.0,18,Physics,M,278
61.0,19,Physics,F,280
78.0,20,Physics,M,264
78.0,18,Physics,M,223
62.0,18,Physics,M,279
91.0,20,Physics,M,226
49.0,20,Physics,M,284
71.0,18,Physics,F,285
49.0,18,Physics,M,286
91.0,18,Physics,M,287
91.0,18,Physics,M,288
81.0,19,Physics,M,289
87.0,20,Physics,F,290
62.0,19,Physics,M,291
91.0,20,Physics,M,292
84.0,19,Physics,M,293
81.0,19,Physics,M,294
62.0,18,Physics,F,295
91.0,20,Physics,M,296
87.0,18,Physics,M,297
87.0,20,Physics,M,282
41.0,19,Physics,M,281
91.0,20,Physics,M,298
78.0,20,Physics,M,451
87.0,18,Physics,F,300
81.0,19,Physics,M,303
62.0,21,Physics,M,304
49.0,20,Physics,F,305
78.0,20,Physics,M,306
71.0,18,Physics,M,307
71.0,18,Physics,M,308
62.0,19,Physics,M,448
60.0,19,Physics,M,309
87.0,20,Physics,M,311
71.0,18,Physics,M,312
62.0,21,Physics,M,313
78.0,18,Physics,M,314
41.0,21,Physics,F,315
62.0,19,Physics,M,316
84.0,19,Physics,F,310
62.0,19,Physics,M,317
62.0,19,Physics,M,319
91.0,20,Physics,M,336
41.0,18,Physics,M,322
71.0,18,Physics,M,323
71.0,20,Physics,M,324
61.0,21,Physics,F,325
62.0,19,Physics,M,326
81.0,19,Physics,M,327
61.0,21,Physics,M,328
91.0,20,Physics,M,329
91.0,18,Physics,F,330
91.0,18,Physics,M,331
49.0,20,Physics,M,332
62.0,19,Physics,M,333
62.0,18,Physics,M,334
49.0,20,Physics,F,335
71.0,18,Physics,F,320
87.0,20,Physics,M,318
84.0,19,Physics,F,375
87.0,20,Physics,M,337
84.0,18,Physics,M,339
84.0,21,Physics,F,340
61.0,19,Physics,M,341
62.0,19,Physics,M,342
62.0,21,Physics,M,343
41.0,18,Physics,M,344
84.0,21,Physics,F,345
91.0,20,Physics,M,346
62.0,19,Physics,M,347
87.0,18,Physics,M,348
81.0,19,Physics,M,349
61.0,19,Physics,F,350
71.0,18,Physics,M,351
27.0,18,Physics,M,352
61.0,18,Physics,M,353
91.0,18,Physics,M,354
78.0,20,Physics,F,355
87.0,20,Physics,M,321
61.0,18,Physics,M,357
84.0,21,Physics,M,358
71.0,18,Physics,M,359
41.0,21,Physics,F,360
41.0,18,Physics,M,361
71.0,20,Physics,M,362
84.0,19,Physics,M,363
81.0,19,Physics,M,364
62.0,19,Physics,F,365
62.0,18,Physics,M,366
71.0,20,Physics,M,367
71.0,20,Physics,M,368
41.0,19,Physics,M,369
87.0,20,Physics,F,370
87.0,18,Physics,M,371
78.0,18,Physics,M,372
71.0,20,Physics,M,373
61.0,19,Physics,M,338
78.0,18,Physics,M,356
87.0,20,Physics,M,374
84.0,21,Physics,M,376
91.0,18,Physics,M,378
41.0,18,Physics,M,379
49.0,20,Physics,F,380
87.0,20,Physics,M,381
71.0,18,Physics,M,382
62.0,21,Physics,M,383
78.0,18,Physics,F,410
62.0,19,Physics,M,384
81.0,18,Physics,M,386
78.0,20,Physics,M,387
62.0,19,Physics,M,388
71.0,18,Physics,M,389
87.0,18,Physics,F,390
41.0,19,Physics,M,391
87.0,20,Physics,F,385
78.0,20,Physics,M,392
62.0,19,Physics,M,377
71.0,18,Physics,M,394
87.0,18,Physics,F,400
78.0,20,Physics,F,395
91.0,20,Physics,M,396
84.0,19,Physics,M,397
61.0,19,Physics,M,398
81.0,21,Physics,M,399
87.0,20,Physics,M,401
41.0,19,Physics,M,409
91.0,20,Physics,M,403
91.0,18,Physics,M,404
49.0,18,Physics,F,405
41.0,19,Physics,M,406
71.0,18,Physics,M,407
61.0,18,Physics,M,408
49.0,20,Physics,M,402
87.0,20,Physics,M,393
78.0,18,Physics,M,411
78.0,20,Physics,M,429
61.0,21,Physics,M,413
91.0,18,Physics,F,415
41.0,21,Physics,M,416
61.0,19,Physics,M,417
57.0,19,Physics,M,418
61.0,19,Physics,M,419
81.0,18,Physics,F,420
71.0,18,Physics,M,421
78.0,20,Physics,M,422
78.0,20,Physics,M,423
62.0,21,Physics,M,424
81.0,19,Physics,F,425
71.0,18,Physics,M,426
87.0,20,Physics,M,427
61.0,19,Physics,M,428
62.0,19,Physics,M,412
62.0,19,Physics,M,414
49.0,18,Physics,M,302
41.0,18,Physics,F,430
84.0,18,Physics,M,432
78.0,18,Physics,M,434
62.0,19,Physics,F,435
87.0,20,Physics,M,436
41.0,18,Physics,M,437
49.0,18,Physics,M,438
81.0,19,Physics,M,439
49.0,18,Physics,M,433
87.0,18,Physics,F,440
84.0,19,Physics,M,442
81.0,18,Physics,M,443
41.0,19,Physics,M,444
49.0,18,Physics,F,445
71.0,20,Physics,M,446
81.0,19,Physics,M,447
49.0,18,Physics,M,441
91.0,20,Physics,M,431
78.0,20,Physics,M,449
49.0,18,Physics,M,523
78.0,18,Physics,F,205
81.0,19,Physics,M,454
71.0,20,Physics,F,455
87.0,20,Physics,M,456
91.0,18,Physics,M,457
91.0,20,Physics,M,458
49.0,18,Physics,M,459
91.0,18,Physics,M,453
81.0,18,Physics,F,460
61.0,19,Physics,M,462
87.0,20,Physics,M,463
71.0,20,Physics,M,464
45.0,21,Physics,F,465
49.0,20,Physics,M,466
84.0,18,Physics,F,485
91.0,20,Physics,M,461
78.0,18,Physics,M,452
84.0,21,Physics,M,467
62.0,18,Physics,M,468
49.0,20,Physics,M,472
81.0,21,Physics,M,473
41.0,21,Physics,M,474
87.0,20,Physics,F,475
78.0,20,Physics,M,476
78.0,18,Physics,F,470
41.0,19,Physics,M,477
91.0,18,Physics,M,479
84.0,21,Physics,F,480
84.0,19,Physics,M,481
81.0,18,Physics,M,482
78.0,20,Physics,M,483
62.0,19,Physics,M,484
71.0,18,Physics,M,478
49.0,18,Physics,M,469
87.0,20,Physics,M,486
91.0,20,Physics,M,487
71.0,18,Physics,M,488
49.0,18,Physics,M,508
49.0,20,Physics,F,490
84.0,18,Physics,M,491
78.0,20,Physics,M,492
84.0,19,Physics,M,493
87.0,20,Physics,M,494
71.0,18,Physics,F,495
71.0,18,Physics,M,496
87.0,18,Physics,M,497
81.0,19,Physics,M,498
84.0,18,Physics,M,499
49.0,18,Physics,F,500
49.0,20,Physics,M,501
61.0,18,Physics,M,502
87.0,18,Physics,M,503
41.0,19,Physics,F,505
71.0,18,Physics,M,489
78.0,18,Physics,M,471
87.0,18,Physics,M,504
81.0,19,Physics,F,525
61.0,19,Physics,M,509
49.0,18,Physics,F,510
87.0,18,Physics,M,511
78.0,20,Physics,M,512
41.0,19,Physics,M,513
61.0,19,Physics,M,514
61.0,18,Physics,F,515
49.0,18,Physics,M,516
78.0,18,Physics,M,517
84.0,19,Physics,M,518
91.0,20,Physics,M,519
60.0,19,Physics,F,520
78.0,20,Physics,M,521
41.0,19,Physics,M,522
62.0,21,Physics,M,507
62.0,21,Physics,M,506
41.0,21,Physics,M,524
87.0,18,Physics,M,526
81.0,19,Physics,F,450
41.0,19,Physics,M,529
84.0,19,Physics,F,530
41.0,18,Physics,M,531
61.0,21,Physics,M,532
41.0,21,Physics,M,533
84.0,21,Physics,M,534
91.0,20,Physics,F,535
91.0,20,Physics,M,536
78.0,18,Physics,M,537
61.0,19,Physics,M,538
87.0,18,Physics,M,539
61.0,18,Physics,F,540
62.0,21,Physics,M,541
91.0,18,Physics,M,542
62.0,18,Physics,M,561
84.0,18,Physics,M,528
49.0,20,Physics,M,562
78.0,18,Physics,M,543
78.0,20,Physics,F,545
61.0,19,Physics,M,547
84.0,18,Physics,M,548
81.0,19,Physics,M,549
78.0,20,Physics,F,550
78.0,18,Physics,M,551
87.0,18,Physics,M,552
81.0,19,Physics,M,546
81.0,19,Physics,M,553
62.0,19,Physics,F,555
78.0,18,Physics,M,556
62.0,19,Physics,M,557
61.0,19,Physics,M,558
87.0,18,Physics,M,559
91.0,20,Physics,F,560
61.0,21,Physics,M,554
71.0,20,Physics,M,544
61.0,21,Physics,F,150
61.0,19,Physics,M,563
91.0,18,Physics,M,584
61.0,18,Physics,M,566
62.0,21,Physics,M,567
49.0,18,Physics,M,568
91.0,20,Physics,M,569
61.0,19,Physics,F,570
41.0,19,Physics,M,571
78.0,20,Physics,M,572
49.0,18,Physics,M,573
81.0,18,Physics,M,574
71.0,20,Physics,F,575
81.0,21,Physics,M,576
71.0,18,Physics,M,577
81.0,19,Physics,M,578
78.0,18,Physics,M,579
91.0,18,Physics,M,581
61.0,21,Physics,F,565
41.0,18,Physics,M,564
61.0,21,Physics,F,580
71.0,20,Physics,M,527
87.0,18,Physics,F,585
49.0,20,Physics,M,586
81.0,19,Physics,M,587
41.0,18,Physics,M,588
84.0,19,Physics,M,589
78.0,20,Physics,F,590
61.0,19,Physics,M,591
84.0,19,Physics,M,592
87.0,20,Physics,M,593
84.0,19,Physics,M,594
41.0,19,Physics,F,595
71.0,18,Physics,M,596
49.0,20,Physics,M,597
60.0,19,Physics,M,301
41.0,21,Physics,M,583
87.0,20,Physics,M,582
69.0,19,Physics,M,599
